<?xml version="1.0" encoding="UTF-8"?>
<components version="22072017">
 <moleculetype id="1" name="">
  <site type="LJ126" id="1">
   <coords><x>	 0.000000</x><y>	 0.000000</y><z>	 -0.0378</z>   </coords>
   <sigma>3.52</sigma>
   <epsilon>179.00</epsilon>
   <mass>36.461</mass>
  </site>
  <site type="Charge" id="2">
   <coords><x>0.0</x><y>0.0</y><z>1.2422</z>   </coords>
   <charge>0.273</charge>
   <mass>1.08</mass>
  </site>
  <site type="Charge" id="3">
   <coords><x>0.0</x><y>0.0</y><z>-0.0378</z>   </coords>
   <charge>-0.273</charge>
   <mass>0.0</mass>
  </site>
  <momentsofinertia rotaxes="xyz">
   <Ixx>0</Ixx>
   <Iyy>0</Iyy>
   <Izz>0</Izz>
  </momentsofinertia>
 </moleculetype>
</components>
