<?xml version="1.0" encoding="UTF-8"?>
<components version="22072017">
 <moleculetype id="1" name="">
  <site type="LJ126" id="1">
   <coords><x>	 0.5579</x><y>-1.5761</y><z>-0.5402</z>   </coords>
   <sigma>3.424</sigma>
   <epsilon>140.6</epsilon>
   <mass>14.027</mass>
  </site>
  <site type="LJ126" id="2">
   <coords><x>-0.5078</x><y>-1.5582</y><z>1.1954</z>   </coords>
   <sigma>3.424</sigma>
   <epsilon>140.6</epsilon>
   <mass>14.027</mass>
  </site>
  <site type="LJ126" id="3">
   <coords><x>0.3603</x><y>0.0</y><z>2.1671</z>   </coords>
   <sigma>3.424</sigma>
   <epsilon>140.6</epsilon>
   <mass>14.027</mass>
  </site>
  <site type="LJ126" id="4">
   <coords><x>-0.5078</x><y>1.5582</y><z>1.1954</z>   </coords>
   <sigma>3.424</sigma>
   <epsilon>140.6</epsilon>
   <mass>14.027</mass>
  </site>
  <site type="LJ126" id="5">
   <coords><x>0.5579</x><y>1.5761</y><z>-0.5402</z>   </coords>
   <sigma>3.424</sigma>
   <epsilon>140.6</epsilon>
   <mass>14.027</mass>
  </site>
  <site type="LJ126" id="6">
   <coords><x>0.0203</x><y>0.0</y><z>-1.112</z>   </coords>
   <sigma>2.789</sigma>
   <epsilon>10.3</epsilon>
   <mass>12.011</mass>
  </site>
  <site type="LJ126" id="7">
   <coords><x>	-0.4181</x><y>0.0</y><z>-2.2087</z>   </coords>
   <sigma>3.108</sigma>
   <epsilon>34.1</epsilon>
   <mass>15.999</mass>
  </site>
  <site type="Dipole" id="8">
   <coords><x>0.0</x><y>0.0</y><z>0.0</z>   </coords>
   <theta>21.79</theta>
   <phi>0.0</phi>
   <dipole>2.554</dipole>
   <mass>0.0</mass>
  </site>
  <momentsofinertia rotaxes="xyz">
   <Ixx>0</Ixx>
   <Iyy>0</Iyy>
   <Izz>0</Izz>
  </momentsofinertia>
 </moleculetype>
</components>
