<?xml version="1.0" encoding="UTF-8"?>
<components version="22072017">
 <moleculetype id="1" name="">
  <site type="LJ126" id="1">
   <coords><x>	 0.044</x><y>-0.062</y><z>0.705</z>   </coords>
   <sigma>3.3523</sigma>
   <epsilon>164.41</epsilon>
   <mass>16.023</mass>
  </site>
  <site type="LJ126" id="2">
   <coords><x>0.044</x><y>0.062</y><z>-0.705</z>   </coords>
   <sigma>3.3523</sigma>
   <epsilon>164.41</epsilon>
   <mass>16.023</mass>
  </site>
  <site type="Charge" id="3">
   <coords><x>	 0.044</x><y>-0.062</y><z>0.705</z>   </coords>
   <charge>-0.6616</charge>
   <mass>0.0</mass>
  </site>
  <site type="Charge" id="4">
   <coords><x>0.271</x><y>0.869</y><z>1.076</z>   </coords>
   <charge>0.3308</charge>
   <mass>0.0</mass>
  </site>
  <site type="Charge" id="5">
   <coords><x>-0.892</x><y>-0.307</y><z>1.062</z>   </coords>
   <charge>0.3308</charge>
   <mass>0.0</mass>
  </site>
  <site type="Charge" id="6">
   <coords><x>0.044</x><y>0.062</y><z>-0.705</z>   </coords>
   <charge>-0.6616</charge>
   <mass>0.0</mass>
  </site>
  <site type="Charge" id="7">
   <coords><x>-0.893</x><y>0.305</y><z>-1.062</z>   </coords>
   <charge>0.3308</charge>
   <mass>0.00</mass>
  </site>
  <site type="Charge" id="8">
   <coords><x>0.274</x><y>-0.869</y><z>-1.076</z>   </coords>
   <charge>0.3308</charge>
   <mass>0.00</mass>
  </site>
  <momentsofinertia rotaxes="xyz">
   <Ixx>0</Ixx>
   <Iyy>0</Iyy>
   <Izz>0</Izz>
  </momentsofinertia>
 </moleculetype>
</components>
