<?xml version="1.0" encoding="UTF-8"?>
<components version="22072017">
 <moleculetype id="1" name="">
  <site type="LJ126" id="1">
   <coords><x>0.000000</x><y>0.000000</y><z>-1.29</z>   </coords>
   <sigma>3.88</sigma>
   <epsilon>184.31</epsilon>
   <mass>15.035</mass>
  </site>
  <site type="LJ126" id="2">
   <coords><x>0.000000</x><y>0.000000</y><z>0.050</z>   </coords>
   <sigma>2.81</sigma>
   <epsilon>10.64</epsilon>
   <mass>12.011</mass>
  </site>
  <site type="LJ126" id="3">
   <coords><x>0.000000</x><y>0.000000</y><z>1.150</z>   </coords>
   <sigma>3.27</sigma>
   <epsilon>43.19</epsilon>
   <mass>14.007</mass>
  </site>
  <site type="Dipole" id="4">
   <coords><x>0.0</x><y>0.0</y><z>0.46</z>   </coords>
   <theta>0.0</theta>
   <phi>0.0</phi>
   <dipole>-4.04</dipole>
   <mass>0.0</mass>
  </site>
  <momentsofinertia rotaxes="xyz">
   <Ixx>0</Ixx>
   <Iyy>0</Iyy>
   <Izz>0</Izz>
  </momentsofinertia>
 </moleculetype>
</components>
