<?xml version="1.0" encoding="UTF-8"?>
<components version="22072017">
 <moleculetype id="1" name="">
  <site type="LJ126" id="1">
   <coords><x>0.0</x><y>0.0</y><z>1.8676</z>   </coords>
   <sigma>3.3186</sigma>
   <epsilon>35.70</epsilon>
   <mass>14.007</mass>
  </site>
  <site type="LJ126" id="2">
   <coords><x>0.0</x><y>0.0</y><z>0.6877</z>   </coords>
   <sigma>3.5673</sigma>
   <epsilon>28.56</epsilon>
   <mass>12.011</mass>
  </site>
  <site type="LJ126" id="3">
   <coords><x>0.0</x><y>0.0</y><z>-0.6877</z>   </coords>
   <sigma>3.5673</sigma>
   <epsilon>28.56</epsilon>
   <mass>12.011</mass>
  </site>
  <site type="LJ126" id="4">
   <coords><x>0.0</x><y>0.0</y><z>-1.8676</z>   </coords>
   <sigma>3.3186</sigma>
   <epsilon>35.70</epsilon>
   <mass>14.007</mass>
  </site>
  <site type="Q" id="5">
   <coords><x>0.0</x><y>0.0</y><z>0.0</z>   </coords>
   <theta>0.0</theta>
   <phi>0.0</phi>
   <quadrupole>-9.91</quadrupole>
   <mass>0.0</mass>
  </site>
  <momentsofinertia rotaxes="xyz">
   <Ixx>0</Ixx>
   <Iyy>0</Iyy>
   <Izz>0</Izz>
  </momentsofinertia>
 </moleculetype>
</components>
