<?xml version="1.0" encoding="UTF-8"?>
<components version="22072017">
 <moleculetype id="1" name="">
  <site type="LJ126" id="1">
   <coords><x>0.000000</x><y>0.000000</y><z>-1.5824</z>   </coords>
   <sigma>3.45</sigma>
   <epsilon>240.00</epsilon>
   <mass>35.453</mass>
  </site>
  <site type="LJ126" id="2">
   <coords><x>0.000000</x><y>0.000000</y><z>-0.3989</z>   </coords>
   <sigma>2.86</sigma>
   <epsilon>19.00</epsilon>
   <mass>12.011</mass>
  </site>
  <site type="LJ126" id="3">
   <coords><x>0.000000</x><y>0.000000</y><z>1.2322</z>   </coords>
   <sigma>3.37</sigma>
   <epsilon>52.00</epsilon>
   <mass>14.007</mass>
  </site>
  <site type="Dipole" id="4">
   <coords><x>0.0</x><y>0.0</y><z>0.0</z>   </coords>
   <theta>0.0</theta>
   <phi>0.0</phi>
   <dipole>2.69</dipole>
  </site>
  <site type="Quadrupole" id="5">
   <coords><x>0.0</x><y>0.0</y><z>0.0</z>   </coords>
   <theta>0.0</theta>
   <phi>0.0</phi>
   <quadrupole>-3.87</quadrupole>
  </site>
  <momentsofinertia rotaxes="xyz">
   <Ixx>0</Ixx>
   <Iyy>0</Iyy>
   <Izz>0</Izz>
  </momentsofinertia>
 </moleculetype>
</components>
