<?xml version="1.0" encoding="UTF-8"?>
<components version="22072017">
 <moleculetype id="1" name="">
  <site type="LJ126" id="1">
   <coords><x>0</x><y>0</y><z>0</z>   </coords>
   <sigma>3.478</sigma>
   <epsilon>70.662</epsilon>
   <mass>13.020</mass>
  </site>
  <site type="LJ126" id="2">
   <coords><x>-1.6456</x><y>0</y><z>0</z>   </coords>
   <sigma>3.478</sigma>
   <epsilon>70.662</epsilon>
   <mass>13.020</mass>
  </site>
  <site type="LJ126" id="3">
   <coords><x>-2.4684</x><y>1.4251</y><z>0</z>   </coords>
   <sigma>3.478</sigma>
   <epsilon>70.662</epsilon>
   <mass>13.020</mass>
  </site>
  <site type="LJ126" id="4">
   <coords><x>-1.6456</x><y>2.8502</y><z>0</z>   </coords>
   <sigma>3.478</sigma>
   <epsilon>70.662</epsilon>
   <mass>13.020</mass>
  </site>
  <site type="LJ126" id="5">
   <coords><x>0</x><y>2.8502</y><z>0</z>   </coords>
   <sigma>3.478</sigma>
   <epsilon>70.662</epsilon>
   <mass>13.020</mass>
  </site>
  <site type="LJ126" id="6">
   <coords><x>0.8227</x><y>1.4251</y><z>0</z>   </coords>
   <sigma>3.823</sigma>
   <epsilon>9.996</epsilon>
   <mass>12.011</mass>
  </site>
  <site type="LJ126" id="7">
   <coords><x>2.0377</x><y>1.4251</y><z>0</z>   </coords>
   <sigma>3.611</sigma>
   <epsilon>121.255</epsilon>
   <mass>15.035</mass>
  </site>
  <site type="quadrupole" id="8">
   <coords><x>0</x><y>0</y><z>0</z>   </coords>
   <theta>0</theta>
   <phi>0</phi>
   <quadrupole>-1.0730</quadrupole>
   <mass>0</mass>
  </site>
  <site type="quadrupole" id="9">
   <coords><x>-1.6456</x><y>0</y><z>0</z>   </coords>
   <theta>0</theta>
   <phi>0</phi>
   <quadrupole>-1.0730</quadrupole>
   <mass>0</mass>
  </site>
  <site type="quadrupole" id="10">
   <coords><x>-2.4684</x><y>1.4251</y><z>0</z>   </coords>
   <theta>0</theta>
   <phi>0</phi>
   <quadrupole>-1.0730</quadrupole>
   <mass>0</mass>
  </site>
  <site type="quadrupole" id="11">
   <coords><x>-1.6456</x><y>2.8502</y><z>0</z>   </coords>
   <theta>0</theta>
   <phi>0</phi>
   <quadrupole>-1.0730</quadrupole>
   <mass>0</mass>
  </site>
  <site type="quadrupole" id="12">
   <coords><x>0</x><y>2.8502</y><Z>0</Z><theta>0</theta><phi>0</phi><quadrupole>-1.0730</quadrupole><mass>0</mass></coords><site type="quadrupole" id="13"><coords><x>0.8227</x><y>1.4251</y><z>0</z>    </coords>
    <theta>0</theta>
    <phi>0</phi>
    <quadrupole>-1.0730</quadrupole>
    <mass>0</mass>
   </site>
   <momentsofinertia rotaxes="xyz">
    <Ixx>0</Ixx>
    <Iyy>0</Iyy>
    <Izz>0</Izz>
   </momentsofinertia>
  </site>
 </moleculetype>
</components>
