<?xml version="1.0" encoding="UTF-8"?>
<components version="22072017">
 <moleculetype id="1" name="">
  <site type="LJ126" id="1">
   <coords><x>0.0</x><y>0.0</y><z>-1.37565</z>   </coords>
   <sigma>3.3552</sigma>
   <epsilon>155.74</epsilon>
   <mass>23.022</mass>
  </site>
  <site type="LJ126" id="2">
   <coords><x>0.0</x><y>0.0</y><z>1.37565</z>   </coords>
   <sigma>3.3552</sigma>
   <epsilon>155.74</epsilon>
   <mass>23.022</mass>
  </site>
  <site type="Dipole" id="3">
   <coords><x>0.0</x><y>0.0</y><z>0.0</z>   </coords>
   <theta>0.0</theta>
   <phi>0.0</phi>
   <dipole>1.6565</dipole>
   <mass>0.0</mass>
  </site>
  <momentsofinertia rotaxes="xyz">
   <Ixx>0</Ixx>
   <Iyy>0</Iyy>
   <Izz>0</Izz>
  </momentsofinertia>
 </moleculetype>
</components>
