<?xml version="1.0" encoding="UTF-8"?>
<components version="22072017">
 <moleculetype id="1" name="">
  <site type="LJ126" id="1">
   <coords><x>1</x><y>1</y><z>0.0</z>   </coords>
   <sigma>2.9953</sigma>
   <epsilon>96.696</epsilon>
   <mass>15.999</mass>
  </site>
  <site type="LJ126" id="2">
   <coords><x>1</x><y>2.21473</y><z>0.0</z>   </coords>
   <sigma>3.2335</sigma>
   <epsilon>59.993</epsilon>
   <mass>13.019</mass>
  </site>
  <site type="LJ126" id="3">
   <coords><x>2.20057</x><y>2.91502</y><z>0.0</z>   </coords>
   <sigma>3.1496</sigma>
   <epsilon>85.053</epsilon>
   <mass>15.999</mass>
  </site>
  <site type="Charge" id="4">
   <coords><x>1</x><y>1</y><z>0.0</z>   </coords>
   <charge>-0.42186</charge>
   <mass>0.0</mass>
  </site>
  <site type="Charge" id="5">
   <coords><x>0.89707</x><y>2.28827</y><z>0.0</z>   </coords>
   <charge>+0.29364</charge>
   <mass>1.008</mass>
  </site>
  <site type="Charge" id="6">
   <coords><x>0.89707</x><y>2.28827</y><z>0.0</z>   </coords>
   <charge>-0.31574</charge>
   <mass>0.0</mass>
  </site>
  <site type="Charge" id="7">
   <coords><x>2.96299</x><y>2.29893</y><z>0.0</z>   </coords>
   <charge>+0.44396</charge>
   <mass>0.0</mass>
  </site>
  <momentsofinertia rotaxes="xyz">
   <Ixx>0</Ixx>
   <Iyy>0</Iyy>
   <Izz>0</Izz>
  </momentsofinertia>
 </moleculetype>
</components>
