<?xml version="1.0" encoding="UTF-8"?>
<components version="22072017">
 <moleculetype id="1" name="">
  <site type="LJ126" id="1">
   <coords><x>0.000000</x><y>0.000000</y><z>-1.2868</z>   </coords>
   <sigma>3.835</sigma>
   <epsilon>163.04</epsilon>
   <mass>15.035</mass>
  </site>
  <site type="LJ126" id="2">
   <coords><x>0.000000</x><y>0.000000</y><z>0.0507</z>   </coords>
   <sigma>2.81</sigma>
   <epsilon>10.64</epsilon>
   <mass>12.011</mass>
  </site>
  <site type="LJ126" id="3">
   <coords><x>0.000000</x><y>0.000000</y><z>1.1507</z>   </coords>
   <sigma>3.368</sigma>
   <epsilon>53.00</epsilon>
   <mass>14.007</mass>
  </site>
  <site type="Dipole" id="4">
   <coords><x>0.0</x><y>0.0</y><z>0.0</z>   </coords>
   <theta>180</theta>
   <phi>0.0</phi>
   <dipole>4.1186</dipole>
   <mass>0.0</mass>
  </site>
  <site type="Quadrupole" id="5">
   <coords><x>0.0</x><y>0.0</y><z>0.0</z>   </coords>
   <theta>0.0</theta>
   <phi>0.0</phi>
   <quadrupole>-3.1373</quadrupole>
   <mass>0.0</mass>
  </site>
  <momentsofinertia rotaxes="xyz">
   <Ixx>0</Ixx>
   <Iyy>0</Iyy>
   <Izz>0</Izz>
  </momentsofinertia>
 </moleculetype>
</components>
