<?xml version="1.0" encoding="UTF-8"?>
<components version="22072017">
 <moleculetype id="1" name="">
  <site type="LJ126" id="1">
   <coords><x>0.0</x><y>0.0</y><z>0.075705</z>   </coords>
   <sigma>3.376</sigma>
   <epsilon>182.9</epsilon>
   <mass>17.031</mass>
  </site>
  <site type="Charge" id="2">
   <coords><x>0.0</x><y>0.0</y><z>0.075705</z>   </coords>
   <charge>-0.9993</charge>
   <mass>0.0</mass>
  </site>
  <site type="Charge" id="3">
   <coords><x>-0.4673</x><y>0.8095</y><z>-0.3164</z>   </coords>
   <charge>+0.3331</charge>
   <mass>0.0</mass>
  </site>
  <site type="Charge" id="4">
   <coords><x>0.9347</x><y>0.0</y><z>-0.3164</z>   </coords>
   <charge>0.3331</charge>
   <mass>0.0</mass>
  </site>
  <site type="Charge" id="5">
   <coords><x>-0.4673</x><y>-0.8095</y><z>-0.3164</z>   </coords>
   <charge>0.3331</charge>
   <mass>0.0</mass>
  </site>
  <momentsofinertia rotaxes="xyz">
   <Ixx>0</Ixx>
   <Iyy>0</Iyy>
   <Izz>0</Izz>
  </momentsofinertia>
 </moleculetype>
</components>
