<?xml version="1.0" encoding="UTF-8"?>
<components version="24062017">
 <moleculetype id="1" name="C6H12O_II">
  <y>-0.40155</y>
  <z>-1.56168</z>
 </moleculetype>
 <sigma>3.412</sigma>
 <epsilon>102.2</epsilon>
 <mass>13.623</mass>
 <site type="LJ126" id="1">
  <coords><x>0.56919</x><y>-0.40155</y><z>1.56168</z>  </coords>
  <sigma>3.412</sigma>
  <epsilon>102.2</epsilon>
  <mass>13.623</mass>
 </site>
 <site type="LJ126" id="2">
  <coords><x>-1.30893</x><y>0.44982</y><z>1.57594</z>  </coords>
  <sigma>3.412</sigma>
  <epsilon>102.2</epsilon>
  <mass>13.623</mass>
 </site>
 <site type="LJ126" id="3">
  <coords><x>1.06798</x><y>0.33582</y><z>0</z>  </coords>
  <sigma>3.234</sigma>
  <epsilon>60.0</epsilon>
  <mass>13.019</mass>
 </site>
 <site type="LJ126" id="4">
  <coords><x>2.45979</x><y>0.00085</y><z>0</z>  </coords>
  <sigma>3.15</sigma>
  <epsilon>85.1</epsilon>
  <mass>17.007</mass>
 </site>
 <site type="Charge" id="5">
  <coords><x>1.06798</x><y>0.33582</y><z>0</z>  </coords>
  <charge>+0.256184</charge>
  <mass>0.00</mass>
 </site>
 <site type="Charge" id="6">
  <coords><x>2.45979</x><y>0.00085</y><z>0</z>  </coords>
  <charge>-0.638767</charge>
  <mass>0.00</mass>
 </site>
 <site type="Charge" id="7">
  <coords><x>2.50948</x><y>-0.97164</y><z>0</z>  </coords>
  <charge>+0.382583</charge>
  <mass>0.00</mass>
 </site>
 <site type="LJ126" id="8">
  <coords><x>-2.16883</x><y>-0.55100</y><z>0</z>  </coords>
  <sigma>3.412</sigma>
  <epsilon>102.2</epsilon>
  <mass>13.623</mass>
 </site>
 <site type="LJ126" id="9">
  <coords><x>-1.30893</x><y>0.44982</y><z>-1.57594</z>  </coords>
  <sigma>3.412</sigma>
  <epsilon>102.2</epsilon>
  <mass>13.623</mass>
 </site>
 <site type="LJ126" id="10">
  <coords><x>0.56919</x></coords><momentsofinertia rotaxes="xyz"><Ixx>0</Ixx><Iyy>0</Iyy><Izz>0</Izz></momentsofinertia></site></components>
