<?xml version="1.0" encoding="UTF-8"?>
<components version="24062017">
 <moleculetype id="1" name="C6H5Cl">
  <z>2.7329</z>
 </moleculetype>
 <sigma>3.306</sigma>
 <epsilon>96.39</epsilon>
 <mass>13.019</mass>
 <site type="LJ126" id="1">
  <coords><x>0</x><y>-1.5723</y><z>1.8201</z>  </coords>
  <sigma>3.306</sigma>
  <epsilon>96.39</epsilon>
  <mass>13.019</mass>
 </site>
 <site type="LJ126" id="2">
  <coords><x>0</x><y>1.5723</y><z>1.8201</z>  </coords>
 </site>
 <site type="LJ126" id="3">
  <coords><x>0</x><y>0</y><sigma>3.306</sigma><epsilon>96.39</epsilon><mass>13.019</mass></coords><site type="LJ126" id="4"><coords><x>0</x><y>-1.5761</y><z>0.0025</z>   </coords>
   <sigma>3.306</sigma>
   <epsilon>96.39</epsilon>
   <mass>13.019</mass>
  </site>
  <site type="LJ126" id="5">
   <coords><x>0</x><y>1.5761</y><z>0.0025</z>   </coords>
   <sigma>3.306</sigma>
   <epsilon>96.39</epsilon>
   <mass>13.019</mass>
  </site>
  <site type="LJ126" id="6">
   <coords><x>0</x><y>0</y><z>-0.4563</z>   </coords>
   <sigma>2.787</sigma>
   <epsilon>11.66</epsilon>
   <mass>12.011</mass>
  </site>
  <site type="LJ126" id="7">
   <coords><x>0</x><y>0</y><z>2.1844</z>   </coords>
   <sigma>3.373</sigma>
   <epsilon>176.30</epsilon>
   <mass>35.453</mass>
  </site>
  <site type="Dipole" id="8">
   <coords><x>0</x><y>0</y><z>-0.4563</z>   </coords>
   <theta>0</theta>
   <phi>-90.0</phi>
   <dipole>2.170</dipole>
   <mass>0.0</mass>
  </site>
  <site type="Quadrupole" id="9">
   <coords><x>0</x><y>0</y><z>2.7329</z>   </coords>
   <theta>90.0</theta>
   <phi>0</phi>
   <quadrupole>-1.815</quadrupole>
   <mass>0.0</mass>
  </site>
  <site type="Quadrupole" id="10">
   <coords><x>0</x><y>-1.5723</y><z>1.8201</z>   </coords>
   <theta>90.0</theta>
   <phi>0</phi>
   <quadrupole>-1.815</quadrupole>
   <mass>0.0</mass>
  </site>
  <site type="Quadrupole" id="11">
   <coords><x>0</x><y>1.5723</y><z>1.8201</z>   </coords>
   <theta>90.0</theta>
   <phi>0</phi>
   <quadrupole>-1.815</quadrupole>
   <mass>0.0</mass>
  </site>
  <site type="Quadrupole" id="12">
   <coords><x>0</x><y>-1.5761</y><z>0.0025</z>   </coords>
   <theta>90.0</theta>
   <phi>0</phi>
   <quadrupole>-1.815</quadrupole>
   <mass>0.0</mass>
  </site>
  <site type="Quadrupole" id="13">
   <coords><x>0</x><y>1.5761</y><z>0.0025</z>   </coords>
   <theta>90.0</theta>
   <phi>0</phi>
   <quadrupole>-1.815</quadrupole>
   <mass>0.0</mass>
  </site>
  <momentsofinertia rotaxes="xyz">
   <Ixx>0</Ixx>
   <Iyy>0</Iyy>
   <Izz>0</Izz>
  </momentsofinertia>
 </site>
</components>
