<?xml version="1.0" encoding="UTF-8"?>
<components version="24062017">
 <moleculetype id="1" name="C4F10">
  <mass>0.00</mass>
  <site type="Charge" id="1">
   <coords><x>-2.1085</x><y>1.3612</y><z>-0.3243</z>   </coords>
   <charge>-0.2697</charge>
   <mass>0.00</mass>
  </site>
  <site type="Charge" id="2">
   <coords><x>1.9808</x><y>-0.1374</y><z>2.2616</z>   </coords>
   <charge>-0.2700</charge>
   <mass>0.00</mass>
  </site>
  <site type="Charge" id="3">
   <coords><x>0.1968</x><y>1.3969</y><z>1.1467</z>   </coords>
   <charge>-0.2833</charge>
   <mass>0.00</mass>
  </site>
  <site type="Charge" id="4">
   <coords><x>0.4816</x><y>1.0506</y><z>-1.4033</z>   </coords>
   <charge>-0.2833</charge>
   <mass>0.00</mass>
  </site>
  <site type="Charge" id="5">
   <coords><x>2.5217</x><y>0.1296</y><z>0.1680</z>   </coords>
   <charge>-0.2697</charge>
   <mass>0.00</mass>
   <mass>0.00</mass>
  </site>
  <site type="Charge" id="6">
   <coords><x>0.1571</x><y>-1.1281</y><z>-1.2709</z>   </coords>
   <charge>-0.2871</charge>
   <mass>0.00</mass>
  </site>
  <site type="Charge" id="7">
   <coords><x>1.6681</x><y>-1.7578</y></coords><site type="LJ126" id="8"><coords><x>	-1.6822</x><z>0.8472</z>    </coords>
    <y>0.2798</y>
    <charge>-0.2648</charge>
    <z>-0.9876</z>
   </site>
   <mass>0.00</mass>
   <sigma>2.8020</sigma>
   <epsilon>10.5549</epsilon>
  </site>
  <site type="Charge" id="9">
   <coords><x>-1.8919</x><mass>12.011</mass><y>0.4583</y></coords><site type="LJ126" id="10"><coords><x>-0.1821</x><z>-2.2953</z>    </coords>
    <y>0.0740</y>
    <charge>-0.2700</charge>
    <z>-0.7473</z>
   </site>
   <sigma>2.8020</sigma>
   <epsilon>10.5549</epsilon>
   <mass>12.011</mass>
  </site>
  <site type="LJ126" id="11">
   <coords><x>0.2340</x><y>0.1133</y><z>0.7276</z>   </coords>
   <sigma>2.8020</sigma>
   <epsilon>10.5549</epsilon>
   <mass>12.011</mass>
  </site>
  <site type="LJ126" id="12">
   <coords><x>1.6400</x><y>-0.4323</y><z>1.0036</z>   </coords>
   <sigma>2.8020</sigma>
   <epsilon>10.5549</epsilon>
   <mass>12.011</mass>
  </site>
  <site type="LJ126" id="13">
   <coords><x>-2.3735</x><y>-0.7873</y><z>-0.5805</z>   </coords>
   <sigma>2.8884</sigma>
   <epsilon>58.6998</epsilon>
   <mass>18.998</mass>
  </site>
  <site type="LJ126" id="14">
   <coords><x>-0.6419</x><y>-0.6210</y><z>1.4543</z>   </coords>
   <sigma>2.8884</sigma>
   <epsilon>58.6998</epsilon>
   <mass>18.998</mass>
  </site>
  <site type="LJ126" id="15">
   <coords><x>0.1571</x><y>-1.1281</y><z>-1.2709</z>   </coords>
   <sigma>2.8884</sigma>
   <epsilon>58.6998</epsilon>
   <mass>18.998</mass>
  </site>
  <site type="LJ126" id="16">
   <coords><x>1.6681</x><y>-1.7578</y><z>0.8472</z>   </coords>
   <sigma>2.8884</sigma>
   <epsilon>58.6998</epsilon>
   <mass>18.998</mass>
  </site>
  <site type="LJ126" id="17">
   <coords><x>-1.8919</x><y>0.4583</y><z>-2.2953</z>   </coords>
   <sigma>2.8884</sigma>
   <epsilon>58.6998</epsilon>
   <mass>18.998</mass>
  </site>
  <site type="LJ126" id="18">
   <coords><x>-2.1085</x><y>1.3612</y><z>-0.3243</z>   </coords>
   <sigma>2.8884</sigma>
   <epsilon>58.6998</epsilon>
   <mass>18.998</mass>
  </site>
  <site type="LJ126" id="19">
   <coords><x>1.9808</x><y>-0.1374</y><z>2.2616</z>   </coords>
   <sigma>2.8884</sigma>
   <epsilon>58.6998</epsilon>
   <mass>18.998</mass>
  </site>
  <site type="LJ126" id="20">
   <coords><x>0.1968</x><y>1.3969</y><z>1.1467</z>   </coords>
   <sigma>2.8884</sigma>
   <epsilon>58.6998</epsilon>
   <mass>18.998</mass>
  </site>
  <site type="LJ126" id="21">
   <coords><x>0.4816</x><y>1.0506</y><z>-1.4033</z>   </coords>
   <sigma>2.8884</sigma>
   <epsilon>58.6998</epsilon>
   <mass>18.998</mass>
  </site>
  <site type="LJ126" id="22">
   <coords><x>2.5217</x><y>0.1296</y><z>0.1680</z>   </coords>
   <sigma>2.8884</sigma>
   <epsilon>58.6998</epsilon>
   <mass>18.998</mass>
  </site>
  <site type="Charge" id="23">
   <coords><x>	-1.6822</x><y>0.2798</y><z>-0.9876</z>   </coords>
   <charge>+0.8774</charge>
   <mass>0.0</mass>
  </site>
  <site type="Charge" id="24">
   <coords><x>-0.1821</x><y>0.0740</y><z>-0.7473</z>   </coords>
   <charge>+0.4975</charge>
   <mass>0.0</mass>
  </site>
  <site type="Charge" id="25">
   <coords><x>0.2340</x><y>0.1133</y><z>0.7276</z>   </coords>
   <charge>+0.4975</charge>
   <mass>0.0</mass>
  </site>
  <site type="Charge" id="26">
   <coords><x>1.6400</x><y>-0.4323</y><z>1.0036</z>   </coords>
   <charge>+0.8774</charge>
   <mass>0.0</mass>
  </site>
  <site type="Charge" id="27">
   <coords><x>-2.3735</x><y>-0.7873</y><z>-0.5805</z>   </coords>
   <charge>-0.2648</charge>
   <mass>0.00</mass>
  </site>
  <site type="Charge" id="28">
   <coords><x>-0.6419</x><y>-0.6210</y><z>1.4543</z>   </coords>
   <charge>-0.2871</charge>
  </site>
  <momentsofinertia rotaxes="xyz">
   <Ixx>0</Ixx>
   <Iyy>0</Iyy>
   <Izz>0</Izz>
  </momentsofinertia>
 </moleculetype>
</components>
