<?xml version="1.0" encoding="UTF-8"?>
<components version="24062017">
 <moleculetype id="1" name="C6H12_II">
  <z>-1.0002</z>
 </moleculetype>
 <sigma>3.49</sigma>
 <epsilon>87.6</epsilon>
 <mass>14.027</mass>
 <site type="LJ126" id="1">
  <coords><x>-0.3123</x><y>-0.021</y><z>-1.8082</z>  </coords>
  <sigma>3.49</sigma>
  <epsilon>87.6</epsilon>
  <mass>14.027</mass>
 </site>
 <site type="LJ126" id="2">
  <coords><x>	 0.2994</x><y>-1.5343</y><z>-0.8878</z>  </coords>
  <sigma>3.49</sigma>
  <epsilon>87.6</epsilon>
  <mass>14.027</mass>
 </site>
 <site type="LJ126" id="3">
  <coords><x>-0.2994</x><y>-1.5343</y><z>0.8878</z>  </coords>
  <sigma>3.49</sigma>
  <epsilon>87.6</epsilon>
  <mass>14.027</mass>
 </site>
 <site type="LJ126" id="4">
  <coords><x>-0.3123</x><y>-0.0210</y><z>-1.8082</z>  </coords>
  <sigma>3.49</sigma>
  <epsilon>87.6</epsilon>
  <mass>14.027</mass>
 </site>
 <site type="LJ126" id="5">
  <coords><x>-0.2988</x><y>1.5553</y><z>1.0002</z>  </coords>
  <sigma>3.49</sigma>
  <epsilon>87.6</epsilon>
  <mass>14.027</mass>
 </site>
 <site type="LJ126" id="6">
  <coords><x>0.2988</x><y>1.5553</y></coords><momentsofinertia rotaxes="xyz"><Ixx>0</Ixx><Iyy>0</Iyy><Izz>0</Izz></momentsofinertia></site></components>
