<?xml version="1.0" encoding="UTF-8"?>
<components version="24062017">
 <moleculetype id="1" name="CH6N2">
  <site type="LJ126" id="1">
   <coords><x>-0.025</x><y>-0.302</y><z>1.477</z>   </coords>
   <sigma>3.6072</sigma>
   <epsilon>120.15</epsilon>
   <mass>15.034</mass>
  </site>
  <site type="LJ126" id="2">
   <coords><x>0.043</x><y>0.597</y><z>0.036</z>   </coords>
   <sigma>3.3587</sigma>
   <epsilon>147.83</epsilon>
   <mass>15.015</mass>
  </site>
  <site type="LJ126" id="3">
   <coords><x>-0.057</x><y>-0.305</y><z>-1.075</z>   </coords>
   <sigma>3.3587</sigma>
   <epsilon>147.83</epsilon>
   <mass>16.023</mass>
  </site>
  <site type="Charge" id="4">
   <coords><x>-0.057</x><y>-0.305</y><z>-1.075</z>   </coords>
   <charge>-0.6654</charge>
   <mass>0.0</mass>
  </site>
  <site type="Charge" id="5">
   <coords><x>0.856</x><y>-0.705</y><z>-1.308</z>   </coords>
   <charge>0.3327</charge>
   <mass>0.0</mass>
  </site>
  <site type="Charge" id="6">
   <coords><x>-0.361</x><y>0.244</y><z>-1.875</z>   </coords>
   <charge>0.3327</charge>
   <mass>0.0</mass>
  </site>
  <momentsofinertia rotaxes="xyz">
   <Ixx>0</Ixx>
   <Iyy>0</Iyy>
   <Izz>0</Izz>
  </momentsofinertia>
 </moleculetype>
</components>
