<?xml version="1.0" encoding="UTF-8"?>
<components version="24062017">
 <moleculetype id="1" name="F-">
  <sigma>3.66</sigma>
  <epsilon>200.00</epsilon>
  <mass>18.999</mass>
  <site type="Charge" id="1">
   <coords><x>0.0</x><y>0.0</y><z>0.0</z>   </coords>
   <charge>-1.0000</charge>
   <mass>0.0</mass>
  </site>
  <site type="LJ126" id="2">
   <coords><x>0.0</x><y>0.0</y><z>0.0</z>   </coords>
  </site>
  <momentsofinertia rotaxes="xyz">
   <Ixx>0</Ixx>
   <Iyy>0</Iyy>
   <Izz>0</Izz>
  </momentsofinertia>
 </moleculetype>
</components>
