<?xml version="1.0" encoding="UTF-8"?>
<components version="24062017">
 <moleculetype id="1" name="C4H8">
  <site type="LJ126" id="1">
   <coords><x>0</x><y>0</y><z>0</z>   </coords>
   <sigma>3.537</sigma>
   <epsilon>89.050</epsilon>
   <mass>14.027</mass>
  </site>
  <site type="LJ126" id="2">
   <coords><x>-1.88114936521211</x><y>0</y><z>0</z>   </coords>
   <sigma>3.537</sigma>
   <epsilon>89.050</epsilon>
   <mass>14.027</mass>
  </site>
  <site type="LJ126" id="3">
   <coords><x>-1.81251282750396</x><y>1.87989620576911</y><z>0</z>   </coords>
   <sigma>3.537</sigma>
   <epsilon>89.050</epsilon>
   <mass>14.027</mass>
  </site>
  <site type="LJ126" id="4">
   <coords><x>-0.0686288761446934</x><y>1.74755070684581</y><z>0.69286633145835</z>   </coords>
   <sigma>3.537</sigma>
   <epsilon>89.050</epsilon>
   <mass>14.027</mass>
  </site>
  <momentsofinertia rotaxes="xyz">
   <Ixx>0</Ixx>
   <Iyy>0</Iyy>
   <Izz>0</Izz>
  </momentsofinertia>
 </moleculetype>
</components>
