<?xml version="1.0" encoding="UTF-8"?>
<components version="24062017">
 <moleculetype id="1" name="C6H12_diff">
  <site type="LJ126" id="1">
   <coords><x>0</x><y>0</y><z>0</z>   </coords>
   <sigma>3.095</sigma>
   <epsilon>147.03</epsilon>
   <mass>14.027</mass>
  </site>
  <site type="LJ126" id="2">
   <coords><x>-2.3564648</x><y>0</y><z>0</z>   </coords>
   <sigma>3.095</sigma>
   <epsilon>147.03</epsilon>
   <mass>14.027</mass>
  </site>
  <site type="LJ126" id="3">
   <coords><x>-3.20735842948434</x><y>2.19747727745749</y><z>0</z>   </coords>
   <sigma>3.095</sigma>
   <epsilon>147.03</epsilon>
   <mass>14.027</mass>
  </site>
  <site type="LJ126" id="4">
   <coords><x>-2.35646437548297</x><y>3.43941253478034</y><z>1.81287133551242</z>   </coords>
   <sigma>3.095</sigma>
   <epsilon>147.03</epsilon>
   <mass>14.027</mass>
  </site>
  <site type="LJ126" id="5">
   <coords><x>4.24516858621142e-07</x><y>3.4394134114891</y><z>1.81287110519678</z>   </coords>
   <sigma>3.095</sigma>
   <epsilon>147.03</epsilon>
   <mass>14.027</mass>
  </site>
  <site type="LJ126" id="6">
   <coords><x>0.850893710032344</x><y>1.24193600084214</y><z>1.81287094411023</z>   </coords>
   <sigma>3.095</sigma>
   <epsilon>147.03</epsilon>
   <mass>14.027</mass>
  </site>
  <momentsofinertia rotaxes="xyz">
   <Ixx>0</Ixx>
   <Iyy>0</Iyy>
   <Izz>0</Izz>
  </momentsofinertia>
 </moleculetype>
</components>
