<?xml version="1.0" encoding="UTF-8"?>
<components version="24062017">
 <moleculetype id="1" name="C3H6O">
  <site type="Quadrupole" id="1">
   <coords><x>0.0</x><y>-0.8031</y><z>0.0</z>   </coords>
   <theta>90</theta>
   <phi>90</phi>
   <quadrupole>0.7308</quadrupole>
  </site>
  <site type="LJ126" id="2">
   <coords><x>0.0000</x><y>0.0000</y><z>0.0000</z>   </coords>
   <sigma>2.9307</sigma>
   <epsilon>9.8216</epsilon>
   <mass>12.011</mass>
  </site>
  <site type="LJ126" id="3">
   <coords><x>0.0000</x><y>1.2095</y><z>0.0000</z>   </coords>
   <sigma>3.3704</sigma>
   <epsilon>106.9873</epsilon>
   <mass>15.999</mass>
  </site>
  <site type="LJ126" id="4">
   <coords><x>0.0000</x><y>-0.8031</y><z>1.2853</z>   </coords>
   <sigma>3.6225</sigma>
   <epsilon>111.9795</epsilon>
   <mass>15.035</mass>
  </site>
  <site type="LJ126" id="5">
   <coords><x>0.0000</x><y>-0.8031</y><z>-1.2853</z>   </coords>
   <sigma>3.6225</sigma>
   <epsilon>111.9795</epsilon>
   <mass>15.035</mass>
  </site>
  <site type="Dipole" id="6">
   <coords><x>0.0</x><y>0.0</y><z>0.0</z>   </coords>
   <theta>90</theta>
   <phi>90</phi>
   <dipole>3.4448</dipole>
  </site>
  <momentsofinertia rotaxes="xyz">
   <Ixx>0</Ixx>
   <Iyy>0</Iyy>
   <Izz>0</Izz>
  </momentsofinertia>
 </moleculetype>
</components>
