<?xml version="1.0" encoding="UTF-8"?>
<components version="24062017">
 <moleculetype id="1" name="C2H2Cl3F">
  <z>1.92345</z>
 </moleculetype>
 <sigma>4.1262</sigma>
 <epsilon>259.97</epsilon>
 <mass>75.698</mass>
 <site type="Dipole" id="1">
  <coords><x>0.0</x><y>0.0</y><z>0.0</z>  </coords>
  <theta>0.0</theta>
  <phi>0.0</phi>
  <dipole>4.3049</dipole>
  <mass>0.0</mass>
 </site>
 <site type="LJ126" id="2">
  <coords><x>0.0</x><y>0.0</y><z>-1.92345</z>  </coords>
  <sigma>4.1262</sigma>
  <epsilon>259.97</epsilon>
  <mass>75.698</mass>
 </site>
 <site type="LJ126" id="3">
  <coords><x>0.0</x><y>0.0</y></coords><momentsofinertia rotaxes="xyz"><Ixx>0</Ixx><Iyy>0</Iyy><Izz>0</Izz></momentsofinertia></site></components>
