<?xml version="1.0" encoding="UTF-8"?>
<components version="24062017">
 <moleculetype id="1" name="C2H3Cl3_b">
  <site type="LJ126" id="1">
   <coords><x>0.0</x><y>0.0</y><z>-2.00475</z>   </coords>
   <sigma>4.0768</sigma>
   <epsilon>286.36</epsilon>
   <mass>66.702</mass>
  </site>
  <site type="LJ126" id="2">
   <coords><x>0.0</x><y>0.0</y><z>2.00475</z>   </coords>
   <sigma>4.0768</sigma>
   <epsilon>286.36</epsilon>
   <mass>66.702</mass>
  </site>
  <site type="Dipole" id="3">
   <coords><x>0.0</x><y>0.0</y><z>0.0</z>   </coords>
   <theta>0.0</theta>
   <phi>0.0</phi>
   <dipole>4.2974</dipole>
   <mass>0.0</mass>
  </site>
  <momentsofinertia rotaxes="xyz">
   <Ixx>0</Ixx>
   <Iyy>0</Iyy>
   <Izz>0</Izz>
  </momentsofinertia>
 </moleculetype>
</components>
