<?xml version="1.0" encoding="UTF-8"?>
<components version="24062017">
 <moleculetype id="1" name="C2H2">
  <site type="LJ126" id="1">
   <coords><x>0.0</x><y>0.0</y><z>-0.6499</z>   </coords>
   <sigma>3.5742</sigma>
   <epsilon>79.890</epsilon>
   <mass>13.019</mass>
  </site>
  <site type="LJ126" id="2">
   <coords><x>0.0</x><y>0.0</y><z>0.6499</z>   </coords>
   <sigma>3.5742</sigma>
   <epsilon>79.890</epsilon>
   <mass>13.019</mass>
  </site>
  <site type="Quadrupole" id="3">
   <coords><x>0.0</x><y>0.0</y><z>0.0</z>   </coords>
   <theta>0.0</theta>
   <phi>0.0</phi>
   <quadrupole>5.0730</quadrupole>
   <mass>0.0</mass>
  </site>
  <momentsofinertia rotaxes="xyz">
   <Ixx>0</Ixx>
   <Iyy>0</Iyy>
   <Izz>0</Izz>
  </momentsofinertia>
 </moleculetype>
</components>
