<?xml version="1.0" encoding="UTF-8"?>
<components version="24062017">
 <moleculetype id="1" name="C2HCl3">
  <sigma>4.4120</sigma>
  <epsilon>201.03</epsilon>
  <mass>65.694</mass>
  <site type="LJ126" id="1">
   <coords><x>0.0</x><y>0.0</y><z>1.31785</z>   </coords>
   <sigma>4.4120</sigma>
   <epsilon>201.03</epsilon>
   <mass>65.694</mass>
  </site>
  <site type="Quadrupole" id="2">
   <coords><x>0.0</x><y>0.0</y><z>0.0</z>   </coords>
   <theta>0.0</theta>
   <phi>0.0</phi>
   <quadrupole>13.624</quadrupole>
   <mass>0.0</mass>
  </site>
  <site type="LJ126" id="3">
   <coords><x>0.0</x><y>0.0</y><z>-1.31785</z>   </coords>
  </site>
  <momentsofinertia rotaxes="xyz">
   <Ixx>0</Ixx>
   <Iyy>0</Iyy>
   <Izz>0</Izz>
  </momentsofinertia>
 </moleculetype>
</components>
