<?xml version="1.0" encoding="UTF-8"?>
<components version="24062017">
 <moleculetype id="1" name="CH2Cl2">
  <site type="LJ126" id="1">
   <coords><x>0.0</x><y>0.0</y><z>0.0</z>   </coords>
   <sigma>4.5106</sigma>
   <epsilon>269.44</epsilon>
   <mass>84.933</mass>
  </site>
  <site type="Dipole" id="2">
   <coords><x>0.0</x><y>0.0</y><z>0.0</z>   </coords>
   <theta>0.0</theta>
   <phi>0.0</phi>
   <dipole>3.3733</dipole>
   <mass>0.0</mass>
  </site>
  <momentsofinertia rotaxes="xyz">
   <Ixx>0</Ixx>
   <Iyy>0</Iyy>
   <Izz>0</Izz>
  </momentsofinertia>
 </moleculetype>
</components>
