<?xml version="1.0" encoding="UTF-8"?>
<components version="24062017">
 <moleculetype id="1" name="C2Cl4-ST">
  <mass>82.917</mass>
  <site type="Quadrupole" id="1">
   <coords><x>0.0</x><y>0.0</y><z>0.0</z>   </coords>
   <theta>0.0</theta>
   <phi>0.0</phi>
   <quadrupole>-16.143</quadrupole>
   <mass>0.0</mass>
  </site>
  <site type="LJ126" id="2">
   <coords><x>0.0</x><y>0.0</y><z>-1.3260</z>   </coords>
   <sigma>4.6758</sigma>
   <epsilon>211.11</epsilon>
   <mass>82.917</mass>
  </site>
  <site type="LJ126" id="3">
   <coords><x>0.0</x><y>0.0</y><z>1.3260</z>   </coords>
   <sigma>4.6758</sigma>
   <epsilon>211.11</epsilon>
  </site>
  <momentsofinertia rotaxes="xyz">
   <Ixx>0</Ixx>
   <Iyy>0</Iyy>
   <Izz>0</Izz>
  </momentsofinertia>
 </moleculetype>
</components>
