<?xml version="1.0" encoding="UTF-8"?>
<components version="24062017">
 <moleculetype id="1" name="C2F6-ST">
  <site type="LJ126" id="1">
   <coords><x>0.0</x><y>0.0</y><z>-1.3623</z>   </coords>
   <sigma>4.1282</sigma>
   <epsilon>110.19</epsilon>
   <mass>69.006</mass>
  </site>
  <site type="LJ126" id="2">
   <coords><x>0.0</x><y>0.0</y><z>1.3623</z>   </coords>
   <sigma>4.1282</sigma>
   <epsilon>110.19</epsilon>
   <mass>69.006</mass>
  </site>
  <site type="Quadrupole" id="3">
   <coords><x>0.0</x><y>0.0</y><z>0.0</z>   </coords>
   <theta>0.0</theta>
   <phi>0.0</phi>
   <quadrupole>-8.4943</quadrupole>
   <mass>0.0</mass>
  </site>
  <momentsofinertia rotaxes="xyz">
   <Ixx>0</Ixx>
   <Iyy>0</Iyy>
   <Izz>0</Izz>
  </momentsofinertia>
 </moleculetype>
</components>
