<?xml version="1.0" encoding="UTF-8"?>
<components version="24062017">
 <moleculetype id="1" name="R227ea_C3HF7">
  <site type="LJ126" id="1">
   <coords><x>0.143398</x><y>-0.009483</y><z>-1.278946</z>   </coords>
   <sigma>2.81</sigma>
   <epsilon>10.64</epsilon>
   <mass>12.011</mass>
  </site>
  <site type="LJ126" id="2">
   <coords><x>-0.402114</x><y>-1.009569</y><z>0.000000</z>   </coords>
   <sigma>3.36</sigma>
   <epsilon>51.0</epsilon>
   <mass>13.019</mass>
  </site>
  <site type="LJ126" id="3">
   <coords><x>0.143398</x><y>-0.009483</y><z>1.278946</z>   </coords>
   <sigma>2.81</sigma>
   <epsilon>10.64</epsilon>
   <mass>12.011</mass>
  </site>
  <site type="LJ126" id="4">
   <coords><x>-0.004171</x><y>1.321357</y><z>-1.351360</z>   </coords>
   <sigma>2.826</sigma>
   <epsilon>54.79</epsilon>
   <mass>18.998</mass>
  </site>
  <site type="LJ126" id="5">
   <coords><x>-0.473866</x><y>-0.562621</y><z>-2.339021</z>   </coords>
   <sigma>2.826</sigma>
   <epsilon>54.79</epsilon>
   <mass>18.998</mass>
  </site>
  <site type="LJ126" id="6">
   <coords><x>1.456004</x><y>-0.303824</y><z>-1.348218</z>   </coords>
   <sigma>2.826</sigma>
   <epsilon>54.79</epsilon>
   <mass>18.998</mass>
  </site>
  <site type="LJ126" id="7">
   <coords><x>-1.799824</x><y>-0.265525</y><z>0.000000</z>   </coords>
   <sigma>2.826</sigma>
   <epsilon>54.79</epsilon>
   <mass>18.998</mass>
  </site>
  <site type="LJ126" id="8">
   <coords><x>-0.004171</x><y>1.321357</y><z>1.351360</z>   </coords>
   <sigma>2.826</sigma>
   <epsilon>54.79</epsilon>
   <mass>18.998</mass>
  </site>
  <site type="LJ126" id="9">
   <coords><x>-0.473866</x><y>-0.562621</y><z>2.339021</z>   </coords>
   <sigma>2.826</sigma>
   <epsilon>54.79</epsilon>
   <mass>18.998</mass>
  </site>
  <site type="LJ126" id="10">
   <coords><x>1.456004</x><y>-0.303824</y><z>1.348218</z>   </coords>
   <sigma>2.826</sigma>
   <epsilon>54.79</epsilon>
   <mass>18.998</mass>
  </site>
  <site type="Dipole" id="11">
   <coords><x>0.0</x><y>0.0</y><z>0.0</z>   </coords>
   <theta>90.0</theta>
   <phi>278.48</phi>
   <dipole>2.209</dipole>
   <mass>0.0</mass>
  </site>
  <site type="Quadrupole" id="12">
   <coords><x>0.0</x><y>0.0</y><z>0.0</z>   </coords>
   <theta>90.0</theta>
   <phi>8.48</phi>
   <quadrupole>6.440</quadrupole>
   <mass>0.0</mass>
  </site>
  <momentsofinertia rotaxes="xyz">
   <Ixx>0</Ixx>
   <Iyy>0</Iyy>
   <Izz>0</Izz>
  </momentsofinertia>
 </moleculetype>
</components>
