<?xml version="1.0" encoding="UTF-8"?>
<components version="24062017">
 <moleculetype id="1" name="C2H4O_I">
  <site type="Dipole" id="1">
   <coords><x>0.0</x><y>0.0</y><z>0.0</z>   </coords>
   <theta>0.0</theta>
   <phi>0.0</phi>
   <dipole>2.459</dipole>
   <mass>0.0</mass>
  </site>
  <site type="LJ126" id="2">
   <coords><x>0.78000</x><y>0.0</y><z>-0.48431</z>   </coords>
   <sigma>3.5266</sigma>
   <epsilon>84.739</epsilon>
   <mass>14.027</mass>
  </site>
  <site type="LJ126" id="3">
   <coords><x>-0.78000</x><y>0.0</y><z>-0.48431</z>   </coords>
   <sigma>3.5266</sigma>
   <epsilon>84.739</epsilon>
   <mass>14.027</mass>
  </site>
  <site type="LJ126" id="4">
   <coords><x>0.0</x><y>0.0</y><z>0.73569</z>   </coords>
   <sigma>3.0929</sigma>
   <epsilon>62.126</epsilon>
   <mass>15.999</mass>
  </site>
  <momentsofinertia rotaxes="xyz">
   <Ixx>0</Ixx>
   <Iyy>0</Iyy>
   <Izz>0</Izz>
  </momentsofinertia>
 </moleculetype>
</components>
