<?xml version="1.0" encoding="UTF-8"?>
<components version="24062017">
 <moleculetype id="1" name="CHN">
  <site type="LJ126" id="1">
   <coords><x>0.000000</x><y>0.000000</y><z>0.638</z>   </coords>
   <sigma>3.233</sigma>
   <epsilon>39.69</epsilon>
   <mass>14.007</mass>
  </site>
  <site type="LJ126" id="2">
   <coords><x>0.000000</x><y>0.000000</y><z>-0.9671</z>   </coords>
   <sigma>3.445</sigma>
   <epsilon>102.44</epsilon>
   <mass>13.018</mass>
  </site>
  <site type="Dipole" id="3">
   <coords><x>0.0</x><y>0.0</y><z>0.0589</z>   </coords>
   <theta>180.00</theta>
   <phi>0.0</phi>
   <dipole>3.4084</dipole>
   <mass>0.0</mass>
  </site>
  <site type="Quadrupole" id="4">
   <coords><x>0.0</x><y>0.0</y><z>0.0589</z>   </coords>
   <theta>0.0</theta>
   <phi>0.0</phi>
   <quadrupole>2.18</quadrupole>
   <mass>0.0</mass>
  </site>
  <momentsofinertia rotaxes="xyz">
   <Ixx>0</Ixx>
   <Iyy>0</Iyy>
   <Izz>0</Izz>
  </momentsofinertia>
 </moleculetype>
</components>
